,cx_ours,cx_ibm,fidelity_ours,fidelity_ibm,time_ours,time_ibm
0,42,78,0.3017500000000002,0.049250000000000044,5.082327395,5.207317567
