,cx_ours,cx_ibm,fidelity_ours,fidelity_ibm,time_ours,time_ibm
0,32,72,0.476375,0.10568750000000007,7.348272369,7.552979779
